Bureau,Total Accounts,Open Accounts,Close Accounts,Delinquent Accounts,Derogatory Accounts,Total Balances,Total Monthly Payments,Late 30 Count,Late 60 Count,Late 90 Count,No of Revolving Acc,No of Installment,No of Mortgage,No of Open Acc,No of Unknown Acc,No of Collection Acc,No of line of credit Acc,No of Inq,No of Public Record,Age of Oldest Account,Open Student loans,Credit Limit,Credit Score
TransUnion,28,10,18,1,8,23471,163,3,2,1,20,5,1,2,0,0,0,0,1,17,1,87800,638
Equifax,6,2,4,1,0,8547,187,8,2,1,3,0,3,0,0,0,0,2,0,17,0,13422,623
Experian,26,16,10,0,0,30451,1132,0,0,0,19,5,0,0,2,0,0,2,0,17,0,42825,719
TransUnion,37,30,7,0,0,25387,970,7,0,0,33,1,2,1,0,0,0,1,0,25,0,106400,761
Equifax,28,22,6,2,0,15809,737,5,0,0,18,7,0,1,1,0,0,34,0,25,0,5112,509
Experian,5,4,1,0,0,450,14,8,5,11,5,0,0,0,0,0,0,2,0,25,0,6500,628
TransUnion,37,30,7,0,0,25387,970,7,0,0,33,1,2,1,0,0,0,1,0,25,0,106400,761
Equifax,28,22,6,2,0,15809,737,5,0,0,18,7,0,1,1,0,0,34,0,25,0,5112,509
Experian,5,4,1,0,0,450,14,8,5,11,5,0,0,0,0,0,0,2,0,25,0,6500,628
TransUnion,11,1,10,1,4,96,0,0,0,0,5,4,0,2,0,0,0,1,2,29,0,6600,494
Equifax,2,1,1,1,0,794,85,0,0,9,0,1,0,0,0,0,1,21,3,29,0,0,471
Experian,23,14,9,0,0,51028,1387,0,0,0,11,6,1,0,5,0,0,0,0,29,0,8675,747
TransUnion,11,1,10,1,4,96,0,0,0,0,5,4,0,2,0,0,0,1,2,29,0,6600,494
Equifax,2,1,1,1,0,794,85,0,0,9,0,1,0,0,0,0,1,21,3,29,0,0,471
Experian,23,14,9,0,0,51028,1387,0,0,0,11,6,1,0,5,0,0,0,0,29,0,8675,747
TransUnion,12,10,2,0,0,7974,415,0,0,0,6,5,1,0,0,0,0,0,0,36,0,16000,827
Equifax,15,9,6,4,0,21666,239,1,0,100,5,9,0,1,0,0,0,9,1,36,0,5000,654
Experian,17,11,6,0,0,59040,1275,1,0,0,13,1,3,0,0,0,0,0,0,36,0,35500,808
TransUnion,12,10,2,0,0,7974,415,0,0,0,6,5,1,0,0,0,0,0,0,36,0,16000,827
Equifax,15,9,6,4,0,21666,239,1,0,100,5,9,0,1,0,0,0,9,1,36,0,5000,654
Experian,17,11,6,0,0,59040,1275,1,0,0,13,1,3,0,0,0,0,0,0,36,0,35500,808
TransUnion,12,10,2,0,0,7974,415,0,0,0,6,5,1,0,0,0,0,0,0,36,0,16000,827
Equifax,15,9,6,4,0,21666,239,1,0,100,5,9,0,1,0,0,0,9,1,36,0,5000,654
Experian,17,11,6,0,0,59040,1275,1,0,0,13,1,3,0,0,0,0,0,0,36,0,35500,808
TransUnion,18,14,4,0,0,18635,1205,0,0,0,12,6,0,0,0,0,0,0,0,22,0,37400,814
Equifax,12,9,3,0,0,117424,1388,0,0,0,5,6,1,0,0,0,0,23,0,22,2,9535,701
Experian,19,2,17,2,13,50595,287,3,3,14,13,1,0,3,1,0,1,2,1,22,0,38331,511
TransUnion,3,3,0,0,0,81378,685,0,0,0,2,0,1,0,0,0,0,1,0,9,0,0,729
Equifax,20,17,3,7,1,7100,325,17,4,2,16,2,0,0,1,1,0,28,0,9,0,3622,545
Experian,11,9,2,0,0,5291,219,0,0,0,11,0,0,0,0,0,0,2,0,10,0,28950,734
TransUnion,8,7,1,0,0,6134,505,0,0,0,6,2,0,0,0,0,0,0,0,38,0,44100,797
Equifax,5,3,2,0,0,2880,160,2,0,0,4,1,0,0,0,0,0,12,0,46,0,0,619
Experian,23,15,8,0,0,17412,622,0,0,0,16,5,1,0,0,0,1,0,0,46,0,93625,824
TransUnion,31,15,16,0,0,191317,2836,1,0,0,12,14,4,0,0,0,1,0,0,15,0,15900,661
Equifax,42,24,18,0,0,560849,7214,0,0,0,9,15,12,2,0,0,3,18,0,15,0,31600,684
Experian,27,19,8,0,0,89224,1521,0,0,0,17,7,1,0,1,0,1,5,0,15,0,59400,739
TransUnion,1,1,0,0,0,111,10,0,0,0,1,0,0,0,0,0,0,0,0,40,0,6000,788
Equifax,24,16,8,0,1,181124,2240,34,8,2,13,4,3,1,3,0,0,18,0,40,0,10743,599
Experian,22,9,13,0,0,5684,112,0,0,0,19,1,0,0,0,0,2,2,0,40,0,50600,797
TransUnion,1,1,0,0,0,15,0,0,0,0,0,0,0,1,0,0,0,0,0,25,0,0,677
Equifax,27,17,10,0,0,26782,1382,5,0,0,14,12,1,0,0,0,0,20,0,25,0,28705,679
Experian,7,7,0,0,0,599,15,0,0,0,6,1,0,0,0,0,0,0,0,25,0,15500,813
TransUnion,35,20,15,0,0,68353,1116,1,0,0,23,6,4,2,0,0,0,0,0,13,0,32000,791
Equifax,6,1,5,0,5,1648,0,0,1,6,1,3,0,0,0,2,0,20,0,13,0,0,552
Experian,9,7,2,0,0,3385,176,2,2,3,8,1,0,0,0,0,0,3,0,13,0,3876,640
TransUnion,6,1,5,0,0,0,0,0,0,0,6,0,0,0,0,0,0,1,0,6,0,33000,783
Equifax,9,7,2,0,0,149,10,0,0,0,9,0,0,0,0,0,0,24,0,6,0,22112,731
Experian,14,9,5,1,0,128126,9484,17,1,0,3,4,3,0,4,0,0,7,0,6,0,0,567
TransUnion,1,1,0,0,0,0,0,0,0,0,0,0,0,0,0,0,1,0,0,7,0,2000,752
Equifax,31,18,13,0,0,177818,2099,0,0,0,14,14,3,0,0,0,0,19,0,7,6,34362,748
Experian,11,7,4,0,0,14618,294,0,0,0,7,3,0,0,1,0,0,2,0,7,0,18900,624
TransUnion,41,28,13,0,0,5111,157,40,8,1,40,1,0,0,0,0,0,0,0,23,0,53853,672
Equifax,15,11,4,0,0,15416,336,0,0,0,8,7,0,0,0,0,0,7,0,23,0,4582,739
Experian,18,9,9,0,3,19366,10,3,3,9,13,3,2,0,0,0,0,1,1,23,0,50904,613
TransUnion,15,3,12,2,6,9793,71,5,3,2,8,5,0,0,0,2,0,1,0,10,0,9100,521
Equifax,8,4,4,1,0,52025,747,7,0,0,4,3,1,0,0,0,0,4,0,10,0,2500,739
Experian,36,29,7,0,0,44647,1197,0,0,0,20,15,1,0,0,0,0,4,0,10,0,83726,736
TransUnion,12,2,10,1,7,2102,32,10,3,2,6,2,0,3,0,1,0,0,0,40,0,800,480
Equifax,25,15,10,0,0,1471,377,0,0,0,17,6,2,0,0,0,0,3,0,40,0,39136,811
Experian,15,11,4,0,0,0,0,0,0,0,14,0,0,0,1,0,0,3,0,40,0,70551,822
TransUnion,12,9,3,0,0,46202,925,1,0,0,9,1,1,1,0,0,0,1,0,25,0,34900,694
Equifax,9,3,6,1,4,12335,418,5,2,3,2,4,0,0,0,3,0,45,0,25,0,840,555
Experian,32,7,25,3,23,38072,786,15,16,32,22,2,0,1,0,7,0,13,0,25,0,17350,483
TransUnion,5,3,2,0,0,0,0,0,0,0,3,0,2,0,0,0,0,0,0,8,0,11200,638
Equifax,3,1,2,0,1,766,100,2,0,0,2,0,0,0,0,1,0,21,0,6,0,0,457
Experian,7,5,2,4,0,16801,1803,4,4,12,6,1,0,0,0,0,0,6,1,8,0,12800,532
TransUnion,29,22,7,0,0,38166,1439,0,0,0,14,9,1,2,0,0,3,0,0,33,0,82100,832
Equifax,12,11,1,0,0,23362,664,1,2,0,6,1,0,2,1,0,2,38,0,26,0,15822,579
Experian,22,12,10,0,0,26418,2063,0,0,0,13,5,0,0,4,0,0,0,0,33,0,39725,677
TransUnion,4,2,2,0,0,0,0,0,1,0,4,0,0,0,0,0,0,1,0,27,0,3100,724
Equifax,15,13,2,0,0,102103,1304,1,0,0,11,1,2,0,1,0,0,1,0,27,0,55983,786
Experian,10,9,1,0,0,35,25,0,0,0,10,0,0,0,0,0,0,0,0,27,0,20800,826
TransUnion,1,1,0,0,0,66,0,0,0,0,0,0,0,1,0,0,0,1,0,14,0,0,669
Equifax,12,6,6,1,5,9617,344,3,2,1,4,2,0,1,5,0,0,3,1,14,0,113,614
Experian,30,17,13,0,0,251056,2731,0,0,0,15,8,4,0,0,0,3,8,0,14,0,74000,728
TransUnion,20,15,5,0,0,46673,1788,0,1,0,14,4,2,0,0,0,0,2,0,46,0,68400,795
Equifax,59,22,37,0,1,571869,5272,14,2,2,17,34,2,3,2,0,1,21,0,46,6,20100,654
Experian,11,9,2,0,0,199,64,0,0,0,6,4,1,0,0,0,0,0,0,46,0,23400,831
TransUnion,1,0,1,0,0,0,0,0,0,0,1,0,0,0,0,0,0,1,0,20,0,9200,687
Equifax,23,7,16,4,0,211360,3913,65,20,25,15,5,1,2,0,0,0,8,2,20,0,22500,531
Experian,29,24,5,0,0,80562,1565,0,0,0,21,3,4,0,0,0,1,3,0,20,0,103400,755
TransUnion,4,1,3,0,0,0,0,0,0,0,2,0,2,0,0,0,0,1,0,20,0,7500,786
Equifax,31,19,12,0,0,149661,3492,1,0,0,12,15,0,2,2,0,0,40,0,20,0,46100,577
Experian,35,16,19,0,0,27142,298,0,0,0,30,3,2,0,0,0,0,0,0,20,0,60683,814
TransUnion,5,0,5,1,3,1859,25,1,1,2,5,0,0,0,0,0,0,0,0,31,0,6000,500
Equifax,25,3,22,2,22,15352,1214,5,4,8,5,7,0,2,0,11,0,28,2,31,0,0,484
Experian,16,10,6,3,0,54670,1405,10,4,1,12,1,2,0,0,0,1,2,0,31,0,39950,519
TransUnion,15,9,6,0,0,4209,193,0,0,0,9,5,0,1,0,0,0,0,0,21,0,23000,804
Equifax,3,3,0,0,0,0,0,0,0,0,3,0,0,0,0,0,0,1,0,21,0,2600,768
Experian,9,6,3,0,0,544,16,0,0,0,8,1,0,0,0,0,0,3,0,21,0,35339,775
TransUnion,1,0,1,0,0,0,0,0,0,0,0,1,0,0,0,0,0,0,0,8,0,0,686
Equifax,24,8,16,1,16,17804,2502,23,10,20,6,14,0,1,1,2,0,34,0,9,3,2000,507
Experian,18,12,6,0,0,2657,30,0,0,0,18,0,0,0,0,0,0,2,0,9,0,50750,783
TransUnion,1,0,1,0,0,0,0,0,0,0,0,1,0,0,0,0,0,0,0,8,0,0,686
Equifax,24,8,16,1,16,17804,2502,23,10,20,6,14,0,1,1,2,0,34,0,9,3,2000,507
Experian,18,12,6,0,0,2657,30,0,0,0,18,0,0,0,0,0,0,2,0,9,0,50750,783
TransUnion,1,0,1,0,0,0,0,0,0,0,0,1,0,0,0,0,0,0,0,8,0,0,686
Equifax,24,8,16,1,16,17804,2502,23,10,20,6,14,0,1,1,2,0,34,0,9,3,2000,507
Experian,18,12,6,0,0,2657,30,0,0,0,18,0,0,0,0,0,0,2,0,9,0,50750,783
TransUnion,22,3,19,1,13,66461,842,7,4,2,12,2,2,4,0,2,0,0,3,24,0,37900,499
Equifax,21,12,9,0,2,8483,162,6,4,6,11,7,1,1,0,0,1,20,0,24,0,9063,747
Experian,29,15,14,5,5,153444,6919,33,17,42,14,13,1,0,0,1,0,4,0,24,0,21490,494
TransUnion,49,18,31,0,15,17314,119,0,0,0,39,5,0,0,0,5,0,2,1,15,4,35775,640
Equifax,9,4,5,0,0,559,25,3,1,0,3,5,0,0,1,0,0,8,1,15,0,705,719
Experian,18,11,7,0,1,113309,1180,0,0,0,11,3,2,0,0,1,1,1,0,15,0,74300,760
TransUnion,3,3,0,0,0,335,10,0,0,0,3,0,0,0,0,0,0,0,0,8,0,2000,735
Equifax,26,15,11,0,0,124283,1410,1,0,0,14,9,3,0,0,0,0,25,0,16,0,27074,717
Experian,12,10,2,0,0,123,10,0,0,0,12,0,0,0,0,0,0,2,0,16,0,18375,806
TransUnion,7,6,1,0,0,16,10,0,0,0,6,0,1,0,0,0,0,1,0,32,0,15900,822
Equifax,22,17,5,0,1,4819,684,17,0,0,18,2,0,1,1,0,0,23,0,32,0,21898,649
Experian,22,17,5,0,0,18385,390,0,0,0,13,3,3,0,2,0,1,0,0,32,0,17800,809
TransUnion,18,10,8,0,0,17065,692,0,0,0,12,4,2,0,0,0,0,0,1,29,0,45100,777
Equifax,37,24,13,0,0,71429,4489,0,0,0,16,20,0,0,1,0,0,36,0,29,0,84900,652
Experian,12,5,7,2,2,26742,599,5,3,5,1,8,0,0,0,2,1,7,0,29,0,400,535
TransUnion,1,1,0,0,0,0,0,0,0,0,1,0,0,0,0,0,0,0,0,21,0,0,660
Equifax,5,5,0,0,0,12839,316,0,0,0,4,1,0,0,0,0,0,21,0,27,0,600,605
Experian,33,21,12,0,0,142275,3650,2,0,0,13,18,2,0,0,0,0,1,0,27,0,32300,683
TransUnion,21,13,8,0,0,181102,1943,1,0,0,15,3,3,0,0,0,0,0,0,29,1,38300,652
Equifax,21,13,8,0,0,30302,840,0,0,0,17,3,0,1,0,0,0,6,0,29,0,33300,682
Experian,35,22,13,0,0,25256,1919,6,2,0,31,3,1,0,0,0,0,2,0,29,0,104000,705
TransUnion,14,8,6,0,0,27132,1069,0,0,0,13,1,0,0,0,0,0,0,0,46,0,16800,655
Equifax,41,31,10,0,0,16546,945,4,1,0,24,16,0,1,0,0,0,6,0,46,0,63249,739
Experian,19,13,6,0,0,754,108,0,0,0,11,5,0,0,0,0,3,2,0,46,0,69625,810
TransUnion,14,8,6,0,0,27132,1069,0,0,0,13,1,0,0,0,0,0,0,0,46,0,16800,655
Equifax,41,31,10,0,0,16546,945,4,1,0,24,16,0,1,0,0,0,6,0,46,0,63249,739
Experian,19,13,6,0,0,754,108,0,0,0,11,5,0,0,0,0,3,2,0,46,0,69625,810
TransUnion,12,6,6,0,0,876,57,0,0,0,12,0,0,0,0,0,0,0,0,19,0,50900,802
Equifax,44,5,39,1,36,2979,200,2,1,2,3,6,0,0,29,6,0,33,1,19,0,0,521
Experian,5,4,1,0,0,64,10,0,0,0,4,1,0,0,0,0,0,0,0,19,0,900,784
TransUnion,18,12,6,0,0,25678,660,0,0,0,11,1,4,1,0,0,1,1,0,46,0,44900,819
Equifax,5,4,1,0,0,126662,978,0,0,0,4,0,1,0,0,0,0,10,0,46,0,1600,660
Experian,11,10,1,0,0,256,20,0,0,0,7,3,0,0,0,0,1,0,0,46,0,74500,827
TransUnion,7,6,1,0,0,1882,57,0,0,0,7,0,0,0,0,0,0,2,0,38,0,27200,793
Equifax,15,6,9,0,1,50523,1851,0,0,0,9,2,3,1,0,0,0,1,0,38,0,5000,774
Experian,25,17,8,0,0,68529,858,0,0,0,20,3,0,0,0,0,2,2,0,38,0,41360,775
TransUnion,1,1,0,0,0,0,0,0,0,0,1,0,0,0,0,0,0,1,0,4,0,0,656
Equifax,37,20,17,0,0,7932,7941,6,0,0,6,29,0,1,0,0,1,9,0,18,2,4500,700
Experian,22,16,6,0,0,15006,511,0,0,0,19,3,0,0,0,0,0,0,0,18,0,110601,811
TransUnion,2,1,1,0,0,12118,527,0,0,0,0,0,2,0,0,0,0,0,0,25,0,0,722
Equifax,30,16,14,2,0,119334,1902,14,3,0,15,10,5,0,0,0,0,25,0,25,4,29468,610
TransUnion,2,1,1,1,1,1188,50,0,5,1,0,1,0,0,0,1,0,0,0,10,0,0,462
Equifax,3,3,0,0,0,1502,38,0,18,18,0,3,0,0,0,0,0,23,0,10,3,0,570
Experian,9,2,7,1,4,11305,22,13,5,15,6,3,0,0,0,0,0,1,0,10,0,4575,552
TransUnion,2,2,0,0,0,29,0,0,0,0,2,0,0,0,0,0,0,0,0,23,0,5000,764
Equifax,35,19,16,0,0,17617,495,6,2,1,24,9,1,0,0,0,1,7,0,23,0,39028,647
Experian,19,14,5,0,0,122889,2727,0,0,0,15,2,2,0,0,0,0,0,0,23,0,131000,810
Equifax,3,1,2,0,0,805,13,0,0,0,3,0,0,0,0,0,0,19,0,3,0,1000,679
Experian,10,8,2,4,0,57752,665,3,3,9,8,2,0,0,0,0,0,3,0,4,0,6165,546
TransUnion,2,2,0,0,0,0,0,1,0,0,2,0,0,0,0,0,0,0,0,12,0,4200,744
Equifax,16,7,9,2,3,3392,295,49,16,28,9,5,0,1,0,0,1,20,0,12,0,1680,609
Experian,2,2,0,1,0,10588,475,8,5,8,1,0,0,0,1,0,0,7,0,8,0,0,585
TransUnion,18,10,8,0,0,208117,1367,2,1,0,11,0,6,0,0,0,1,0,0,17,0,27600,695
Equifax,7,5,2,0,7,818,299,0,0,0,1,5,0,0,0,1,0,21,0,17,5,0,541
Experian,22,4,18,2,15,14225,346,18,8,27,18,1,0,2,0,1,0,8,0,14,0,4053,540
TransUnion,18,10,8,0,0,208117,1367,2,1,0,11,0,6,0,0,0,1,0,0,17,0,27600,695
Equifax,7,5,2,0,7,818,299,0,0,0,1,5,0,0,0,1,0,21,0,17,5,0,541
Experian,22,4,18,2,15,14225,346,18,8,27,18,1,0,2,0,1,0,8,0,14,0,4053,540
TransUnion,7,2,5,0,3,452,0,3,0,0,5,0,0,0,0,1,1,1,0,10,0,11800,1
Equifax,9,5,4,1,1,69851,1222,4,4,3,1,3,3,0,2,0,0,29,0,10,0,0,562
Experian,48,38,10,0,0,118221,1678,0,0,0,6,42,0,0,0,0,0,7,0,10,31,4000,647
TransUnion,7,2,5,0,3,452,0,3,0,0,5,0,0,0,0,1,1,1,0,10,0,11800,1
Equifax,9,5,4,1,1,69851,1222,4,4,3,1,3,3,0,2,0,0,29,0,10,0,0,562
Experian,48,38,10,0,0,118221,1678,0,0,0,6,42,0,0,0,0,0,7,0,10,31,4000,647
TransUnion,9,1,8,1,7,43909,0,0,0,5,6,0,0,2,0,1,0,1,1,7,0,1200,547
Equifax,10,2,8,1,8,77120,793,8,9,12,2,1,1,3,0,3,0,25,0,7,0,0,475
Experian,12,3,9,2,5,11738,143,13,5,4,3,8,0,0,0,1,0,3,1,7,0,9399,490
TransUnion,1,0,1,0,1,57,0,0,0,0,0,0,0,0,0,1,0,1,0,7,0,0,552
Equifax,21,5,16,0,0,123285,1172,1,0,0,16,2,1,1,1,0,0,4,0,12,0,7500,716
Experian,16,13,3,0,0,37840,420,0,0,0,13,1,2,0,0,0,0,2,0,12,0,41750,799
TransUnion,13,4,9,0,0,88942,717,0,0,0,10,2,1,0,0,0,0,0,0,5,0,9200,739
Equifax,29,13,16,0,0,126566,2281,6,0,0,7,22,0,0,0,0,0,19,0,5,0,8089,610
Experian,10,8,2,0,0,19295,385,0,0,0,8,0,0,0,2,0,0,3,0,5,0,18350,629
TransUnion,27,16,11,0,0,311589,5041,1,0,0,11,6,9,1,0,0,0,0,0,20,0,47900,798
Equifax,7,3,4,0,0,23972,463,0,0,0,2,5,0,0,0,0,0,11,0,20,0,550,627
Experian,19,11,8,0,0,43535,1094,0,0,0,16,1,1,0,1,0,0,4,0,29,0,55075,741
TransUnion,1,0,1,0,1,123,0,0,0,0,1,0,0,0,0,0,0,0,0,14,0,300,559
Equifax,19,13,6,0,0,8087,230,2,0,0,1,18,0,0,0,0,0,31,0,14,0,1000,628
Experian,11,5,6,0,2,28792,549,0,0,0,5,3,0,0,1,2,0,2,0,14,0,1800,717
TransUnion,7,5,2,0,1,219965,1147,2,1,6,5,0,1,0,0,1,0,2,1,13,0,5550,687
Equifax,10,3,7,0,6,5569,888,9,11,24,7,1,0,1,0,0,1,24,0,13,0,650,590
Experian,14,9,5,0,1,9174,346,0,0,0,11,1,0,0,1,1,0,5,1,13,0,12616,679
TransUnion,1,0,1,0,0,0,0,0,0,0,1,0,0,0,0,0,0,0,0,46,0,7000,686
Equifax,8,7,1,0,0,4922,331,0,0,6,2,5,0,0,1,0,0,7,0,46,0,855,680
Experian,16,5,11,0,10,67466,239,6,7,21,9,4,0,2,0,1,0,11,0,46,0,40500,572
TransUnion,32,24,8,0,0,508074,4600,0,0,0,26,4,2,0,0,0,0,0,0,31,0,97900,755
Equifax,18,14,4,0,0,9469,329,0,0,0,15,3,0,0,0,0,0,2,0,31,0,27300,809
Experian,14,6,8,0,0,1569,111,4,3,8,12,1,0,0,1,0,0,3,0,31,0,49851,711
TransUnion,32,24,8,0,0,508074,4600,0,0,0,26,4,2,0,0,0,0,0,0,31,0,97900,755
Equifax,18,14,4,0,0,9469,329,0,0,0,15,3,0,0,0,0,0,2,0,31,0,27300,809
Experian,14,6,8,0,0,1569,111,4,3,8,12,1,0,0,1,0,0,3,0,31,0,49851,711
TransUnion,32,24,8,0,0,508074,4600,0,0,0,26,4,2,0,0,0,0,0,0,31,0,97900,755
Equifax,18,14,4,0,0,9469,329,0,0,0,15,3,0,0,0,0,0,2,0,31,0,27300,809
Experian,14,6,8,0,0,1569,111,4,3,8,12,1,0,0,1,0,0,3,0,31,0,49851,711
TransUnion,36,6,30,1,19,94379,1394,18,7,5,4,15,1,0,0,16,0,0,1,15,0,300,533
Equifax,28,21,7,0,1,115468,1904,0,0,0,23,3,1,1,0,0,0,21,0,15,1,39824,692
Experian,2,0,2,0,2,703,0,0,0,0,0,0,0,0,0,2,0,0,1,15,0,0,508
TransUnion,2,2,0,0,0,1854,30,1,0,0,2,0,0,0,0,0,0,0,0,20,0,5000,687
Equifax,14,10,4,1,0,7961,214,47,8,2,5,8,1,0,0,0,0,27,0,22,0,5500,627
Experian,13,12,1,0,0,1968,99,0,0,0,12,0,1,0,0,0,0,0,0,22,0,56460,828
TransUnion,2,2,0,0,0,1854,30,1,0,0,2,0,0,0,0,0,0,0,0,20,0,5000,687
Equifax,14,10,4,1,0,7961,214,47,8,2,5,8,1,0,0,0,0,27,0,22,0,5500,627
Experian,13,12,1,0,0,1968,99,0,0,0,12,0,1,0,0,0,0,0,0,22,0,56460,828
Equifax,3,1,2,1,1,6784,368,4,4,4,1,2,0,0,0,0,0,45,0,11,0,0,500
Experian,8,5,3,0,0,37055,362,0,0,0,4,2,1,0,0,0,1,0,0,11,0,21500,819
TransUnion,31,10,21,0,1,99374,1132,0,0,0,15,5,7,0,0,0,4,1,0,40,0,309705,812
Equifax,18,16,2,0,1,95992,2256,19,3,1,10,7,0,0,0,1,0,9,0,40,0,8400,615
Experian,4,1,3,0,0,3465,247,0,0,0,1,3,0,0,0,0,0,0,0,40,0,0,655
TransUnion,1,1,0,0,0,1802,0,0,0,0,1,0,0,0,0,0,0,0,0,10,0,1500,647
Equifax,7,5,2,0,0,6130,267,0,0,0,5,2,0,0,0,0,0,14,0,12,0,0,585
Experian,23,18,5,0,0,21730,616,0,0,0,21,1,1,0,0,0,0,3,0,12,0,47475,733
TransUnion,16,7,9,0,0,5653,262,0,0,0,11,2,1,2,0,0,0,0,0,17,0,59300,825
Equifax,1,1,0,0,0,0,0,0,0,0,1,0,0,0,0,0,0,14,0,17,0,350,584
Experian,13,9,4,0,0,63780,964,1,0,0,11,0,2,0,0,0,0,3,0,17,0,48200,694
TransUnion,13,8,5,2,0,13385,601,6,1,0,2,6,2,0,0,0,3,2,0,19,0,12500,779
Equifax,13,6,7,1,5,42417,1828,15,6,23,2,4,4,3,0,0,0,10,0,19,1,0,566
Experian,17,7,10,4,8,38235,116,29,15,27,13,2,0,2,0,0,0,6,0,19,0,25294,401
TransUnion,13,8,5,2,0,13385,601,6,1,0,2,6,2,0,0,0,3,2,0,19,0,12500,779
Equifax,13,6,7,1,5,42417,1828,15,6,23,2,4,4,3,0,0,0,10,0,19,1,0,566
Experian,17,7,10,4,8,38235,116,29,15,27,13,2,0,2,0,0,0,6,0,19,0,25294,401
TransUnion,1,0,1,0,0,0,0,0,0,0,1,0,0,0,0,0,0,0,0,5,0,500,686
Equifax,13,3,10,2,2,16463,79,12,3,10,0,13,0,0,0,0,0,11,0,8,1,0,566
Experian,13,5,8,2,6,75807,738,10,6,22,11,0,1,0,0,0,1,3,1,20,0,4837,513
TransUnion,18,9,9,0,0,41758,1400,0,0,0,7,1,5,4,0,0,1,1,0,34,0,55000,825
Equifax,11,5,6,0,2,394,35,0,0,11,7,2,1,0,0,1,0,20,0,34,0,1128,587
Experian,16,7,9,2,6,11331,57,4,2,0,14,2,0,0,0,0,0,3,1,34,0,19700,568
TransUnion,18,9,9,0,0,41758,1400,0,0,0,7,1,5,4,0,0,1,1,0,34,0,55000,825
Equifax,11,5,6,0,2,394,35,0,0,11,7,2,1,0,0,1,0,20,0,34,0,1128,587
Experian,16,7,9,2,6,11331,57,4,2,0,14,2,0,0,0,0,0,3,1,34,0,19700,568
TransUnion,3,0,3,0,3,1938,0,0,0,0,0,0,0,3,0,0,0,0,0,20,0,0,512
Equifax,19,15,4,0,0,63661,622,0,0,0,15,0,2,0,2,0,0,8,0,24,0,35920,786
Experian,42,20,22,0,1,314182,3419,0,0,0,29,7,6,0,0,0,0,5,0,22,0,103675,803
TransUnion,8,4,4,0,0,0,0,0,0,0,6,2,0,0,0,0,0,0,0,19,0,7500,742
Equifax,23,11,12,0,0,90190,851,0,0,0,13,4,5,0,1,0,0,21,0,19,0,19712,662
Experian,58,49,9,0,0,267801,5190,0,0,0,43,5,3,0,4,0,3,8,0,19,0,177500,664
TransUnion,8,4,4,0,0,0,0,0,0,0,6,2,0,0,0,0,0,0,0,19,0,7500,742
Equifax,23,11,12,0,0,90190,851,0,0,0,13,4,5,0,1,0,0,21,0,19,0,19712,662
Experian,58,49,9,0,0,267801,5190,0,0,0,43,5,3,0,4,0,3,8,0,19,0,177500,664
TransUnion,7,4,3,0,0,17905,256,2,0,0,5,1,1,0,0,0,0,2,0,13,0,3500,648
Equifax,29,18,11,0,0,26435,1045,4,3,6,23,5,1,0,0,0,0,17,0,13,0,5763,726
Experian,7,6,1,1,0,167401,1956,12,2,0,2,2,3,0,0,0,0,0,0,13,0,3000,612
TransUnion,1,0,1,0,0,0,0,0,0,0,1,0,0,0,0,0,0,1,0,6,0,0,683
Equifax,15,13,2,0,0,88796,855,1,1,4,9,2,2,1,0,0,1,20,0,13,0,20798,714
Experian,28,12,16,0,0,134229,1435,0,0,0,20,2,4,0,0,0,2,1,0,13,0,82655,803
TransUnion,4,2,2,0,2,7373,297,1,0,0,2,1,0,0,0,1,0,0,0,26,0,100,540
Equifax,36,27,9,0,0,191317,3477,0,0,0,21,4,7,0,2,0,2,2,0,29,0,35038,812
Experian,21,14,7,0,0,76103,2099,0,0,0,17,0,4,0,0,0,0,1,0,29,0,94000,813
TransUnion,1,1,0,0,0,0,0,0,0,0,1,0,0,0,0,0,0,1,0,34,0,500,672
Equifax,13,8,5,0,0,14582,909,0,0,0,4,8,1,0,0,0,0,22,0,34,0,7760,776
Experian,12,9,3,0,0,431,18,0,0,0,10,2,0,0,0,0,0,0,0,34,0,30700,812
TransUnion,1,1,0,0,0,0,0,0,0,0,1,0,0,0,0,0,0,1,0,34,0,500,672
Equifax,13,8,5,0,0,14582,909,0,0,0,4,8,1,0,0,0,0,22,0,34,0,7760,776
Experian,12,9,3,0,0,431,18,0,0,0,10,2,0,0,0,0,0,0,0,34,0,30700,812
TransUnion,1,1,0,0,0,0,0,0,0,0,1,0,0,0,0,0,0,1,0,34,0,500,672
Equifax,13,8,5,0,0,14582,909,0,0,0,4,8,1,0,0,0,0,22,0,34,0,7760,776
Experian,12,9,3,0,0,431,18,0,0,0,10,2,0,0,0,0,0,0,0,34,0,30700,812
TransUnion,2,1,1,0,0,0,0,12,12,8,1,0,0,1,0,0,0,0,3,14,0,3000,633
Equifax,2,1,1,0,0,6169,157,0,0,0,0,2,0,0,0,0,0,0,0,14,0,0,671
Experian,22,14,8,0,0,46309,1047,1,1,0,20,2,0,0,0,0,0,0,0,14,0,56750,596
TransUnion,2,1,1,0,0,0,0,12,12,8,1,0,0,1,0,0,0,0,3,14,0,3000,633
Equifax,2,1,1,0,0,6169,157,0,0,0,0,2,0,0,0,0,0,0,0,14,0,0,671
Experian,22,14,8,0,0,46309,1047,1,1,0,20,2,0,0,0,0,0,0,0,14,0,56750,596
TransUnion,1,1,0,0,0,0,0,0,0,0,1,0,0,0,0,0,0,0,0,10,0,7000,775
Experian,2,2,0,0,0,45,15,0,1,0,2,0,0,0,0,0,0,0,0,10,0,2200,723
TransUnion,5,2,3,0,0,29,10,0,0,0,5,0,0,0,0,0,0,0,0,25,0,13500,720
Equifax,21,15,6,5,1,40184,1094,49,22,4,12,6,2,0,0,1,0,21,0,25,0,4470,561
Experian,22,16,6,0,0,97784,1916,15,2,1,14,4,3,0,0,0,1,1,0,25,0,13590,737
TransUnion,1,0,1,0,1,229,0,0,0,0,0,0,0,0,0,1,0,1,1,14,0,0,552
Equifax,14,7,7,0,6,213231,3506,5,1,0,4,3,2,0,1,4,0,27,0,17,0,3402,603
Experian,18,10,8,0,0,20264,607,3,0,0,12,3,0,0,3,0,0,3,0,17,0,26087,657
TransUnion,1,0,1,0,1,229,0,0,0,0,0,0,0,0,0,1,0,1,1,14,0,0,552
Equifax,14,7,7,0,6,213231,3506,5,1,0,4,3,2,0,1,4,0,27,0,17,0,3402,603
Experian,18,10,8,0,0,20264,607,3,0,0,12,3,0,0,3,0,0,3,0,17,0,26087,657
TransUnion,14,6,8,0,0,5607,150,0,0,0,11,2,0,0,0,0,1,1,0,18,0,9400,680
Equifax,24,14,10,3,2,24430,1541,63,20,14,12,10,2,0,0,0,0,22,0,18,0,0,534
Experian,13,10,3,0,0,95475,1119,0,0,0,11,0,2,0,0,0,0,0,0,18,0,16925,786
TransUnion,24,9,15,0,2,36945,473,8,4,0,18,3,1,0,0,1,1,1,1,10,0,74300,589
Equifax,1,1,0,0,0,298,10,0,0,0,1,0,0,0,0,0,0,8,0,4,0,500,666
Experian,11,5,6,0,0,25,13,1,0,0,7,4,0,0,0,0,0,0,0,10,0,15471,810
TransUnion,19,12,7,0,0,94142,1172,0,0,0,14,2,3,0,0,0,0,0,0,27,0,75300,828
Equifax,9,8,1,0,0,48043,665,2,0,0,5,3,1,0,0,0,0,5,0,27,0,4100,739
Experian,21,12,9,0,0,97712,1544,0,0,0,15,3,1,0,1,0,1,1,0,27,0,47529,812
TransUnion,1,1,0,0,0,0,0,0,0,0,1,0,0,0,0,0,0,1,0,21,0,0,733
Equifax,17,12,5,1,1,72298,1762,6,0,1,2,13,1,1,0,0,0,32,0,21,0,1000,618
Experian,25,12,13,0,0,11850,326,0,0,0,22,3,0,0,0,0,0,1,0,21,0,39387,688
TransUnion,1,0,1,0,1,229,0,0,0,0,0,0,0,0,0,1,0,1,0,11,0,0,552
Equifax,44,20,24,0,0,264882,2893,1,1,1,26,11,1,2,0,0,3,33,0,11,0,70100,649
Experian,27,19,8,0,0,168690,1669,6,1,1,23,3,1,0,0,0,0,7,0,11,0,58707,633
TransUnion,16,12,4,0,0,267296,2430,0,0,0,13,0,3,0,0,0,0,2,0,34,0,66500,805
Equifax,13,7,6,1,0,16778,343,0,2,0,5,6,1,1,0,0,0,17,0,34,0,650,650
Experian,36,26,10,0,0,100250,1403,0,0,0,30,4,1,0,0,0,1,9,0,34,0,107935,681
TransUnion,4,2,2,0,2,1063,79,2,2,17,2,1,0,0,0,1,0,0,2,8,0,100,441
Equifax,15,11,4,1,1,33476,385,17,6,3,11,1,2,0,0,1,0,15,1,8,0,3825,557
Experian,14,6,8,0,0,30496,726,0,0,0,5,6,0,0,3,0,0,6,0,8,0,14300,604
TransUnion,11,7,4,0,0,256,10,0,0,0,10,0,1,0,0,0,0,1,0,19,0,44000,818
Equifax,17,3,14,0,14,51689,1158,15,9,29,3,9,0,0,0,3,2,17,1,19,0,0,514
Experian,8,3,5,0,3,7007,235,0,0,0,4,2,0,0,0,2,0,2,0,19,0,900,655
Equifax,29,24,5,0,0,217014,6341,0,0,0,11,16,2,0,0,0,0,50,0,21,0,25938,753
Experian,17,10,7,0,0,57225,1354,3,0,0,8,5,4,0,0,0,0,3,0,21,0,16600,746
TransUnion,4,4,0,0,0,221,15,0,0,0,3,1,0,0,0,0,0,0,0,29,0,10300,781
Equifax,32,20,12,0,0,310795,3191,1,0,0,11,16,5,0,0,0,0,8,0,29,0,34300,658
Experian,20,14,6,0,0,62486,2639,6,0,0,14,4,2,0,0,0,0,1,0,29,0,33631,585
